episode,score,total_reward,epsilon,best_score,loss,avg50_score,death_reason,eval_avg_score,eval_max_score,wall_collision_count,self_collision_count,no_food_timeout_count,repeat_penalty_count
1,0,-58.05,1.0,0,0,0.0,wall_collision,,,1,0,0,2
2,0,-39.82,1.0,0,0,0.0,wall_collision,,,2,0,0,2
3,1,-25.27,1.0,1,0,0.33,wall_collision,,,3,0,0,2
4,0,-61.4,1.0,1,0,0.25,no_food_timeout,,,3,0,1,4
5,0,-60.06,1.0,1,0,0.2,wall_collision,,,4,0,1,4
6,0,-61.24,1.0,1,0,0.17,no_food_timeout,,,4,0,2,5
7,0,-24.69,1.0,1,0,0.14,wall_collision,,,5,0,2,5
8,0,-24.24,1.0,1,0,0.12,wall_collision,,,6,0,2,5
9,0,-43.21,1.0,1,0,0.11,wall_collision,,,7,0,2,5
10,0,-18.36,1.0,1,0,0.1,wall_collision,,,8,0,2,5
11,0,-61.04,1.0,1,0,0.09,no_food_timeout,,,8,0,3,5
12,1,-24.94,1.0,1,0,0.17,wall_collision,,,9,0,3,5
13,0,-26.28,1.0,1,0,0.15,wall_collision,,,10,0,3,5
14,0,-41.13,1.0,1,0,0.14,wall_collision,,,11,0,3,5
15,0,-28.36,1.0,1,0,0.13,wall_collision,,,12,0,3,5
16,1,-24.25,1.0,1,0,0.19,wall_collision,,,13,0,3,5
17,0,-20.4,1.0,1,0,0.18,wall_collision,,,14,0,3,5
18,0,-61.24,1.0,1,0,0.17,no_food_timeout,,,14,0,4,6
19,0,-32.07,1.0,1,0,0.16,wall_collision,,,15,0,4,6
20,0,-50.14,1.0,1,0,0.15,wall_collision,,,16,0,4,7
21,1,-18.65,1.0,1,0,0.19,wall_collision,,,17,0,4,7
22,0,-28.07,1.0,1,0,0.18,wall_collision,,,18,0,4,7
23,1,-29.67,1.0,1,0,0.22,wall_collision,,,19,0,4,7
24,0,-56.63,1.0,1,0,0.21,wall_collision,,,20,0,4,7
25,0,-42.4,1.0,1,0,0.2,wall_collision,,,21,0,4,7
26,0,-39.45,1.0,1,0,0.19,wall_collision,,,22,0,4,9
27,0,-31.09,1.0,1,0,0.19,wall_collision,,,23,0,4,9
28,0,-61.32,1.0,1,0,0.18,no_food_timeout,,,23,0,5,10
29,0,-31.5,1.0,1,0,0.17,wall_collision,,,24,0,5,10
30,0,-26.08,1.0,1,0,0.17,wall_collision,,,25,0,5,10
31,0,-20.36,1.0,1,0,0.16,wall_collision,,,26,0,5,10
32,0,-61.6,1.0,1,0,0.16,no_food_timeout,,,26,0,6,13
33,0,-28.56,1.0,1,0,0.15,wall_collision,,,27,0,6,13
34,0,-23.95,1.0,1,0,0.15,wall_collision,,,28,0,6,13
35,1,-57.62,0.9992,1,0.0769,0.17,no_food_timeout,,,28,0,7,13
36,0,-24.93,0.9989,1,0.289,0.17,wall_collision,,,29,0,7,13
37,0,-37.94,0.9984,1,0.1309,0.16,wall_collision,,,30,0,7,14
38,0,-39.94,0.9978,1,0.0033,0.16,wall_collision,,,31,0,7,14
39,0,-26.93,0.9975,1,0.0818,0.15,wall_collision,,,32,0,7,14
40,0,-39.78,0.9969,1,0.0042,0.15,wall_collision,,,33,0,7,14
41,0,-45.12,0.9962,1,0.1404,0.15,wall_collision,,,34,0,7,15
42,0,-22.12,0.996,1,0.1222,0.14,wall_collision,,,35,0,7,15
43,0,-61.16,0.995,1,0.0046,0.14,no_food_timeout,,,35,0,8,16
44,0,-32.52,0.9946,1,0.1473,0.14,wall_collision,,,36,0,8,16
45,0,-26.93,0.9942,1,0.0714,0.13,wall_collision,,,37,0,8,17
46,1,-39.46,0.9935,1,0.0027,0.15,wall_collision,,,38,0,8,18
47,0,-32.52,0.9931,1,0.0019,0.15,wall_collision,,,39,0,8,18
48,0,-29.01,0.9927,1,0.0715,0.15,wall_collision,,,40,0,8,18
49,0,-35.83,0.9922,1,0.0708,0.14,wall_collision,,,41,0,8,18
50,0,-39.13,0.9916,1,0.0016,0.14,wall_collision,,,42,0,8,18
51,0,-61.32,0.9906,1,0.0715,0.14,no_food_timeout,,,42,0,9,20
52,0,-15.79,0.9905,1,0.0701,0.14,wall_collision,,,43,0,9,20
53,0,-61.08,0.9896,1,0.0039,0.12,no_food_timeout,,,43,0,10,21
54,1,-52.19,0.9886,1,0.1368,0.14,no_food_timeout,,,43,0,11,21
55,1,-27.76,0.988,1,0.2068,0.16,wall_collision,,,44,0,11,21
56,0,-29.54,0.9877,1,0.0038,0.16,wall_collision,,,45,0,11,21
57,0,-25.01,0.9874,1,0.0693,0.16,wall_collision,,,46,0,11,21
58,0,-33.7,0.9869,1,0.0044,0.16,wall_collision,,,47,0,11,21
59,0,-39.42,0.9863,1,0.07,0.16,wall_collision,,,48,0,11,21
60,0,-22.28,0.9861,1,0.1394,0.16,wall_collision,,,49,0,11,21
61,0,-61.12,0.9851,1,0.1319,0.16,no_food_timeout,,,49,0,12,21
62,0,-29.66,0.9847,1,0.1281,0.14,wall_collision,,,50,0,12,21
63,0,-29.46,0.9844,1,0.0042,0.14,wall_collision,,,51,0,12,21
64,0,-29.05,0.984,1,0.0069,0.14,wall_collision,,,52,0,12,21
65,0,-61.04,0.983,1,0.2034,0.14,no_food_timeout,,,52,0,13,21
66,0,-60.92,0.9821,1,0.077,0.12,no_food_timeout,,,52,0,14,21
67,0,-23.42,0.9818,1,0.0097,0.12,wall_collision,,,53,0,14,21
68,0,-58.47,0.9809,1,0.073,0.12,wall_collision,,,54,0,14,21
69,0,-23.3,0.9806,1,0.1549,0.12,wall_collision,,,55,0,14,21
70,0,-25.99,0.9803,1,0.0038,0.12,wall_collision,,,56,0,14,21
71,0,-61.04,0.9793,1,0.1365,0.1,no_food_timeout,,,56,0,15,21
72,0,-61.24,0.9783,1,0.0669,0.1,no_food_timeout,,,56,0,16,22
73,0,-35.09,0.9779,1,0.0046,0.08,wall_collision,,,57,0,16,22
74,0,-31.13,0.9775,1,0.0598,0.08,wall_collision,,,58,0,16,22
75,0,-62.2,0.9765,1,0.0787,0.08,no_food_timeout,,,58,0,17,28
76,0,-34.11,0.976,1,0.0044,0.08,wall_collision,,,59,0,17,28
77,0,-30.03,0.9756,1,0.0887,0.08,wall_collision,,,60,0,17,28
78,0,-36.68,0.9751,1,0.133,0.08,wall_collision,,,61,0,17,28
79,0,-28.89,0.9748,1,0.0114,0.08,wall_collision,,,62,0,17,28
80,0,-50.02,0.974,1,0.0717,0.08,wall_collision,,,63,0,17,28
81,0,-25.42,0.9737,1,0.018,0.08,wall_collision,,,64,0,17,28
82,0,-61.08,0.9727,1,0.0085,0.08,no_food_timeout,,,64,0,18,28
83,0,-21.42,0.9725,1,0.0075,0.08,wall_collision,,,65,0,18,28
84,0,-44.68,0.9718,1,0.0667,0.08,wall_collision,,,66,0,18,28
85,0,-31.05,0.9714,1,0.1849,0.06,wall_collision,,,67,0,18,28
86,0,-60.96,0.9704,1,0.018,0.06,no_food_timeout,,,67,0,19,28
87,0,-31.99,0.97,1,0.0582,0.06,wall_collision,,,68,0,19,28
88,0,-33.74,0.9696,1,0.0668,0.06,wall_collision,,,69,0,19,28
89,0,-37.78,0.969,1,0.0126,0.06,wall_collision,,,70,0,19,28
90,0,-21.75,0.9688,1,0.0682,0.06,wall_collision,,,71,0,19,28
91,0,-61.68,0.9678,1,0.0129,0.06,no_food_timeout,,,71,0,20,30
92,1,-24.73,0.9673,1,0.005,0.08,wall_collision,,,72,0,20,30
93,1,-44.89,0.9665,1,0.1577,0.1,wall_collision,,,73,0,20,31
94,0,-34.36,0.966,1,0.0693,0.1,wall_collision,,,74,0,20,31
95,0,-26.24,0.9657,1,0.1712,0.1,wall_collision,,,75,0,20,31
96,0,-60.88,0.9647,1,0.0217,0.08,no_food_timeout,,,75,0,21,31
97,0,-61.4,0.9638,1,0.0077,0.08,no_food_timeout,,,75,0,22,33
98,0,-40.35,0.9632,1,0.066,0.08,wall_collision,,,76,0,22,33
99,1,-43.42,0.9623,1,0.0601,0.1,wall_collision,,,77,0,22,33
100,0,-22.85,0.9621,1,0.0102,0.1,wall_collision,11.35,30,78,0,22,33
101,0,-61.12,0.9611,1,0.0514,0.1,no_food_timeout,,,78,0,23,34
102,1,-72.72,0.9597,1,0.0072,0.12,wall_collision,,,79,0,23,34
103,1,-30.65,0.9591,1,0.0817,0.14,wall_collision,,,80,0,23,35
104,0,-23.95,0.9589,1,0.195,0.12,wall_collision,,,81,0,23,35
105,0,-28.52,0.9585,1,0.065,0.1,wall_collision,,,82,0,23,35
106,0,-38.55,0.958,1,0.1065,0.1,wall_collision,,,83,0,23,36
107,0,-60.92,0.957,1,0.0527,0.1,no_food_timeout,,,83,0,24,36
108,2,-36.33,0.9561,2,0.0341,0.14,self_collision,,,83,1,24,36
109,0,-46.68,0.9554,2,0.0588,0.14,wall_collision,,,84,1,24,37
110,0,-61.88,0.9544,2,0.1281,0.14,no_food_timeout,,,84,1,25,41
111,0,-45.78,0.9537,2,0.0334,0.14,wall_collision,,,85,1,25,41
112,0,-30.44,0.9533,2,0.0575,0.14,wall_collision,,,86,1,25,41
113,0,-17.75,0.9532,2,0.0256,0.14,wall_collision,,,87,1,25,41
114,1,-14.33,0.9529,2,0.0199,0.16,wall_collision,,,88,1,25,41
115,1,-36.65,0.9522,2,0.0049,0.18,wall_collision,,,89,1,25,41
116,0,-22.32,0.9519,2,0.092,0.18,wall_collision,,,90,1,25,41
117,0,-61.2,0.951,2,0.1025,0.18,no_food_timeout,,,90,1,26,42
118,0,-30.64,0.9506,2,0.0184,0.18,wall_collision,,,91,1,26,42
119,1,-7.76,0.9504,2,0.0193,0.2,wall_collision,,,92,1,26,42
120,0,-58.1,0.9495,2,0.0527,0.2,wall_collision,,,93,1,26,42
121,0,-25.34,0.9492,2,0.039,0.2,wall_collision,,,94,1,26,42
122,0,-34.63,0.9487,2,0.0619,0.2,wall_collision,,,95,1,26,45
123,0,-20.04,0.9485,2,0.0877,0.2,wall_collision,,,96,1,26,45
124,0,-40.64,0.9479,2,0.0882,0.2,wall_collision,,,97,1,26,45
125,0,-20.16,0.9477,2,0.0977,0.2,wall_collision,,,98,1,26,45
126,0,-34.23,0.9473,2,0.0947,0.2,wall_collision,,,99,1,26,45
127,1,-56.51,0.9462,2,0.067,0.22,no_food_timeout,,,99,1,27,47
128,0,-27.34,0.9459,2,0.0237,0.22,wall_collision,,,100,1,27,47
129,0,-40.19,0.9453,2,0.1165,0.22,wall_collision,,,101,1,27,47
130,0,-29.58,0.9449,2,0.0197,0.22,wall_collision,,,102,1,27,47
131,0,-61.2,0.9439,2,0.0861,0.22,no_food_timeout,,,102,1,28,48
132,0,-24.57,0.9436,2,0.0085,0.22,wall_collision,,,103,1,28,48
133,1,-40.35,0.9429,2,0.0534,0.24,wall_collision,,,104,1,28,51
134,0,-59.4,0.9419,2,0.112,0.24,wall_collision,,,105,1,28,53
135,0,-31.62,0.9415,2,0.0578,0.24,wall_collision,,,106,1,28,53
136,0,-34.4,0.941,2,0.0241,0.24,wall_collision,,,107,1,28,53
137,0,-61.84,0.9401,2,0.0678,0.24,no_food_timeout,,,107,1,29,56
138,0,-61.36,0.9391,2,0.0488,0.24,no_food_timeout,,,107,1,30,57
139,0,-44.64,0.9384,2,0.0787,0.24,wall_collision,,,108,1,30,57
140,1,-74.34,0.937,2,0.027,0.26,no_food_timeout,,,108,1,31,60
141,0,-26.6,0.9367,2,0.0394,0.26,wall_collision,,,109,1,31,60
142,0,-19.18,0.9365,2,0.0218,0.24,wall_collision,,,110,1,31,60
143,0,-55.25,0.9356,2,0.0132,0.22,wall_collision,,,111,1,31,60
144,0,-23.38,0.9354,2,0.0531,0.22,wall_collision,,,112,1,31,60
145,0,-30.6,0.935,2,0.1092,0.22,wall_collision,,,113,1,31,60
146,0,-49.41,0.9342,2,0.1014,0.22,wall_collision,,,114,1,31,60
147,1,-60.99,0.9331,2,0.0186,0.24,wall_collision,,,115,1,31,65
148,0,-35.38,0.9326,2,0.044,0.24,wall_collision,,,116,1,31,65
149,1,-11.03,0.9324,2,0.0624,0.24,wall_collision,,,117,1,31,65
150,2,-2.26,0.9321,2,0.0437,0.28,wall_collision,,,118,1,31,65
151,0,-56.22,0.9312,2,0.0387,0.28,wall_collision,,,119,1,31,65
152,0,-58.01,0.9303,2,0.0721,0.26,wall_collision,,,120,1,31,66
153,0,-43.53,0.9297,2,0.0181,0.24,wall_collision,,,121,1,31,67
154,0,-46.11,0.929,2,0.0655,0.24,wall_collision,,,122,1,31,67
155,0,-61.44,0.928,2,0.0617,0.24,no_food_timeout,,,122,1,32,69
156,0,-41.66,0.9274,2,0.0638,0.24,wall_collision,,,123,1,32,69
157,0,-27.46,0.9271,2,0.0425,0.24,wall_collision,,,124,1,32,69
158,0,-24.12,0.9268,2,0.048,0.2,wall_collision,,,125,1,32,69
159,0,-22.4,0.9265,2,0.0402,0.2,wall_collision,,,126,1,32,69
160,0,-30.23,0.9261,2,0.0594,0.2,wall_collision,,,127,1,32,69
161,1,-34.45,0.9255,2,0.1008,0.22,wall_collision,,,128,1,32,69
162,0,-32.93,0.925,2,0.0839,0.22,wall_collision,,,129,1,32,69
163,0,-35.21,0.9245,2,0.0297,0.22,wall_collision,,,130,1,32,69
164,0,-61.64,0.9236,2,0.0344,0.2,no_food_timeout,,,130,1,33,72
165,0,-59.69,0.9226,2,0.0591,0.18,wall_collision,,,131,1,33,73
166,0,-43.2,0.922,2,0.0811,0.18,wall_collision,,,132,1,33,75
167,0,-31.95,0.9216,2,0.0453,0.18,wall_collision,,,133,1,33,75
168,0,-50.35,0.9208,2,0.0307,0.18,wall_collision,,,134,1,33,75
169,0,-35.09,0.9203,2,0.0714,0.16,wall_collision,,,135,1,33,75
170,1,-16.25,0.92,2,0.0485,0.18,wall_collision,,,136,1,33,75
171,0,-30.28,0.9196,2,0.0752,0.18,wall_collision,,,137,1,33,75
172,0,-31.17,0.9192,2,0.0354,0.18,wall_collision,,,138,1,33,75
173,0,-62.48,0.9182,2,0.0417,0.18,no_food_timeout,,,138,1,34,82
174,1,-84.42,0.9166,2,0.0465,0.2,no_food_timeout,,,138,1,35,84
175,0,-48.43,0.9159,2,0.0513,0.2,wall_collision,,,139,1,35,84
176,2,-14.26,0.9154,2,0.0723,0.24,self_collision,,,139,2,35,84
177,0,-28.69,0.915,2,0.0617,0.22,wall_collision,,,140,2,35,84
178,0,-22.93,0.9148,2,0.071,0.22,wall_collision,,,141,2,35,84
179,0,-27.09,0.9144,2,0.0586,0.22,wall_collision,,,142,2,35,84
180,0,-19.1,0.9143,2,0.0255,0.22,wall_collision,,,143,2,35,84
181,1,-63.41,0.913,2,0.1222,0.24,wall_collision,,,144,2,35,84
182,1,-33.38,0.9124,2,0.1042,0.26,wall_collision,,,145,2,35,86
183,0,-24.61,0.9121,2,0.0716,0.24,wall_collision,,,146,2,35,86
184,1,-28.53,0.9116,2,0.0352,0.26,wall_collision,,,147,2,35,86
185,0,-61.0,0.9106,2,0.0515,0.26,no_food_timeout,,,147,2,36,86
186,0,-22.44,0.9104,2,0.0744,0.26,wall_collision,,,148,2,36,86
187,0,-18.24,0.9102,2,0.1044,0.26,wall_collision,,,149,2,36,86
188,0,-36.89,0.9097,2,0.0628,0.26,wall_collision,,,150,2,36,86
189,0,-54.71,0.9088,2,0.0594,0.26,wall_collision,,,151,2,36,87
190,0,-22.89,0.9086,2,0.0203,0.24,wall_collision,,,152,2,36,87
191,0,-45.98,0.9079,2,0.0703,0.24,wall_collision,,,153,2,36,87
192,0,-61.0,0.9069,2,0.0659,0.24,no_food_timeout,,,153,2,37,87
193,0,-18.08,0.9067,2,0.1034,0.24,wall_collision,,,154,2,37,87
194,0,-50.35,0.906,2,0.0498,0.24,wall_collision,,,155,2,37,87
195,0,-49.86,0.9052,2,0.1467,0.24,wall_collision,,,156,2,37,88
196,0,-61.12,0.9042,2,0.0674,0.24,no_food_timeout,,,156,2,38,88
197,0,-55.49,0.9033,2,0.041,0.22,wall_collision,,,157,2,38,88
198,0,-24.61,0.9031,2,0.0404,0.22,wall_collision,,,158,2,38,88
199,0,-34.15,0.9026,2,0.054,0.2,wall_collision,,,159,2,38,88
200,1,-39.18,0.9018,2,0.0701,0.18,wall_collision,23.9,50,160,2,38,88
201,0,-61.0,0.9009,2,0.0781,0.18,no_food_timeout,,,160,2,39,88
202,0,-23.75,0.9006,2,0.0368,0.18,wall_collision,,,161,2,39,88
203,0,-29.99,0.9002,2,0.0375,0.18,wall_collision,,,162,2,39,88
204,0,-61.96,0.8992,2,0.1315,0.18,no_food_timeout,,,162,2,40,93
205,0,-23.79,0.899,2,0.0239,0.18,wall_collision,,,163,2,40,93
206,1,-26.52,0.8985,2,0.0761,0.2,wall_collision,,,164,2,40,96
207,0,-36.35,0.898,2,0.0697,0.2,wall_collision,,,165,2,40,97
208,1,-39.22,0.8972,2,0.0786,0.22,wall_collision,,,166,2,40,97
209,1,-19.96,0.8968,2,0.0824,0.24,wall_collision,,,167,2,40,97
210,0,-60.72,0.8958,2,0.0549,0.24,no_food_timeout,,,167,2,41,97
211,0,-61.12,0.8949,2,0.0518,0.22,no_food_timeout,,,167,2,42,98
212,1,-51.99,0.8939,2,0.052,0.24,no_food_timeout,,,167,2,43,99
213,0,-52.75,0.8931,2,0.0549,0.24,wall_collision,,,168,2,43,101
214,1,-43.71,0.8922,2,0.0798,0.26,wall_collision,,,169,2,43,101
215,0,-52.23,0.8914,2,0.0905,0.26,wall_collision,,,170,2,43,101
216,1,-28.21,0.8909,2,0.1049,0.28,wall_collision,,,171,2,43,101
217,0,-36.93,0.8903,2,0.0553,0.28,wall_collision,,,172,2,43,101
218,1,-47.46,0.8894,2,0.0599,0.3,wall_collision,,,173,2,43,101
219,0,-41.7,0.8888,2,0.0434,0.3,wall_collision,,,174,2,43,101
220,0,-49.53,0.8881,2,0.0749,0.28,wall_collision,,,175,2,43,101
221,0,-34.2,0.8876,2,0.0458,0.28,wall_collision,,,176,2,43,101
222,0,-23.67,0.8873,2,0.058,0.28,wall_collision,,,177,2,43,101
223,0,-35.38,0.8868,2,0.061,0.28,wall_collision,,,178,2,43,101
224,0,-28.36,0.8865,2,0.1022,0.26,wall_collision,,,179,2,43,101
225,0,-48.75,0.8857,2,0.0604,0.26,wall_collision,,,180,2,43,103
226,1,-16.62,0.8854,2,0.0334,0.24,wall_collision,,,181,2,43,103
227,0,-22.04,0.8851,2,0.0675,0.24,wall_collision,,,182,2,43,103
228,1,-73.94,0.8837,2,0.1168,0.26,no_food_timeout,,,182,2,44,104
229,1,-45.18,0.8829,2,0.0545,0.28,wall_collision,,,183,2,44,104
230,0,-20.28,0.8827,2,0.163,0.28,wall_collision,,,184,2,44,104
231,0,-23.63,0.8824,2,0.1403,0.26,wall_collision,,,185,2,44,104
232,1,-66.79,0.8811,2,0.0978,0.26,no_food_timeout,,,185,2,45,107
233,0,-20.57,0.8809,2,0.0311,0.26,wall_collision,,,186,2,45,107
234,2,0.51,0.8807,2,0.0653,0.28,wall_collision,,,187,2,45,107
235,0,-54.47,0.8799,2,0.0478,0.28,wall_collision,,,188,2,45,107
236,1,-55.42,0.8788,2,0.025,0.3,no_food_timeout,,,188,2,46,107
237,0,-41.82,0.8782,2,0.0452,0.3,wall_collision,,,189,2,46,107
238,1,-58.56,0.8771,2,0.1216,0.32,wall_collision,,,190,2,46,107
239,0,-49.17,0.8763,2,0.0463,0.32,wall_collision,,,191,2,46,107
240,0,-51.57,0.8755,2,0.0599,0.32,wall_collision,,,192,2,46,108
241,0,-25.83,0.8752,2,0.0575,0.32,wall_collision,,,193,2,46,108
242,0,-44.72,0.8745,2,0.0956,0.32,wall_collision,,,194,2,46,108
243,0,-49.04,0.8738,2,0.1192,0.32,wall_collision,,,195,2,46,108
244,1,-19.23,0.8734,2,0.034,0.34,wall_collision,,,196,2,46,108
245,0,-39.25,0.8729,2,0.0468,0.34,wall_collision,,,197,2,46,109
246,0,-26.81,0.8725,2,0.0255,0.34,wall_collision,,,198,2,46,109
247,0,-33.34,0.8721,2,0.0458,0.34,wall_collision,,,199,2,46,109
248,1,-94.36,0.8703,2,0.0574,0.36,wall_collision,,,200,2,46,116
249,0,-24.53,0.87,2,0.0521,0.36,wall_collision,,,201,2,46,116
250,0,-52.59,0.8692,2,0.0473,0.34,wall_collision,,,202,2,46,117
251,1,-25.67,0.8687,2,0.0199,0.36,wall_collision,,,203,2,46,117
252,0,-52.3,0.8679,2,0.0897,0.36,wall_collision,,,204,2,46,119
253,0,-30.97,0.8675,2,0.0779,0.36,wall_collision,,,205,2,46,119
254,0,-40.8,0.8669,2,0.0959,0.36,wall_collision,,,206,2,46,120
255,2,-0.02,0.8667,2,0.0176,0.4,self_collision,,,206,3,46,120
256,0,-61.48,0.8657,2,0.0516,0.38,no_food_timeout,,,206,3,47,123
257,0,-46.43,0.865,2,0.0837,0.38,wall_collision,,,207,3,47,123
258,1,-61.99,0.8638,2,0.0474,0.38,no_food_timeout,,,207,3,48,123
259,1,-84.51,0.8622,2,0.0429,0.38,no_food_timeout,,,207,3,49,123
260,0,-39.86,0.8616,2,0.0459,0.38,wall_collision,,,208,3,49,123
261,0,-22.12,0.8614,2,0.0398,0.38,wall_collision,,,209,3,49,123
262,1,-13.11,0.8611,2,0.1222,0.38,wall_collision,,,210,3,49,123
263,0,-48.72,0.8604,2,0.173,0.38,wall_collision,,,211,3,49,123
264,2,-59.5,0.8591,2,0.0763,0.4,self_collision,,,211,4,49,126
265,1,-52.68,0.8581,2,0.0194,0.42,wall_collision,,,212,4,49,128
266,0,-21.71,0.8578,2,0.1317,0.4,wall_collision,,,213,4,49,128
267,0,-61.12,0.8568,2,0.0418,0.4,no_food_timeout,,,213,4,50,129
268,0,-61.2,0.8559,2,0.0464,0.38,no_food_timeout,,,213,4,51,130
269,2,-47.37,0.8548,2,0.0895,0.42,wall_collision,,,214,4,51,134
270,1,-14.66,0.8545,2,0.1293,0.44,wall_collision,,,215,4,51,134
271,1,-62.15,0.8533,2,0.0405,0.46,no_food_timeout,,,215,4,52,135
272,0,-26.12,0.853,2,0.0732,0.46,wall_collision,,,216,4,52,135
273,1,-14.09,0.8527,2,0.09,0.48,wall_collision,,,217,4,52,135
274,0,-60.96,0.8517,2,0.0355,0.48,no_food_timeout,,,217,4,53,135
275,0,-41.66,0.8511,2,0.0224,0.48,wall_collision,,,218,4,53,136
276,0,-17.96,0.851,2,0.0539,0.46,wall_collision,,,219,4,53,136
277,1,-28.94,0.8504,2,0.0568,0.48,wall_collision,,,220,4,53,136
278,0,-45.32,0.8497,2,0.0379,0.46,wall_collision,,,221,4,53,138
279,0,-43.54,0.8491,2,0.0351,0.44,wall_collision,,,222,4,53,138
280,1,-76.03,0.8476,2,0.0309,0.46,no_food_timeout,,,222,4,54,138
281,0,-26.69,0.8473,2,0.0684,0.46,wall_collision,,,223,4,54,138
282,1,-82.59,0.8457,2,0.0726,0.46,wall_collision,,,224,4,54,139
283,0,-54.8,0.8449,2,0.1004,0.46,wall_collision,,,225,4,54,139
284,0,-24.89,0.8446,2,0.1601,0.42,wall_collision,,,226,4,54,139
285,0,-61.08,0.8436,2,0.0808,0.42,no_food_timeout,,,226,4,55,140
286,1,-29.31,0.843,2,0.0588,0.42,wall_collision,,,227,4,55,140
287,0,-31.62,0.8426,2,0.0978,0.42,wall_collision,,,228,4,55,140
288,0,-34.36,0.8421,2,0.0219,0.4,wall_collision,,,229,4,55,140
289,0,-26.16,0.8418,2,0.0271,0.4,wall_collision,,,230,4,55,140
290,2,-43.31,0.8408,2,0.0225,0.44,self_collision,,,230,5,55,140
291,1,-13.76,0.8405,2,0.0641,0.46,wall_collision,,,231,5,55,140
292,1,-26.41,0.84,2,0.0601,0.48,wall_collision,,,232,5,55,140
293,0,-61.4,0.839,2,0.0233,0.48,no_food_timeout,,,232,5,56,142
294,0,-34.2,0.8386,2,0.031,0.46,wall_collision,,,233,5,56,142
295,0,-55.4,0.8377,2,0.0293,0.46,wall_collision,,,234,5,56,145
296,2,-22.75,0.837,2,0.0428,0.5,self_collision,,,234,6,56,145
297,0,-29.38,0.8367,2,0.119,0.5,wall_collision,,,235,6,56,145
298,1,-80.39,0.8351,2,0.019,0.5,no_food_timeout,,,235,6,57,146
299,1,-73.13,0.8337,2,0.0315,0.52,no_food_timeout,,,235,6,58,147
300,0,-40.48,0.8332,2,0.048,0.52,wall_collision,18.1,42,236,6,58,147
301,1,-17.72,0.8328,2,0.05,0.52,wall_collision,,,237,6,58,147
302,1,-54.14,0.8318,2,0.03,0.54,no_food_timeout,,,237,6,59,149
303,0,-43.78,0.8311,2,0.0388,0.54,wall_collision,,,238,6,59,151
304,0,-24.4,0.8309,2,0.0361,0.54,wall_collision,,,239,6,59,151
305,0,-28.81,0.8305,2,0.0368,0.5,wall_collision,,,240,6,59,151
306,0,-61.04,0.8295,2,0.0311,0.5,no_food_timeout,,,240,6,60,151
307,2,-7.08,0.8292,2,0.0296,0.54,self_collision,,,240,7,60,151
308,0,-61.48,0.8282,2,0.0189,0.52,no_food_timeout,,,240,7,61,153
309,0,-20.69,0.828,2,0.1082,0.5,wall_collision,,,241,7,61,153
310,1,-66.76,0.8267,2,0.1041,0.52,wall_collision,,,242,7,61,153
311,2,-14.14,0.8262,2,0.0901,0.56,self_collision,,,242,8,61,153
312,1,-48.24,0.8253,2,0.0323,0.56,wall_collision,,,243,8,61,153
313,0,-28.08,0.8249,2,0.0908,0.56,wall_collision,,,244,8,61,153
314,1,-60.14,0.8238,2,0.0485,0.54,no_food_timeout,,,244,8,62,158
315,0,-24.77,0.8235,2,0.0628,0.52,wall_collision,,,245,8,62,158
316,0,-34.48,0.823,2,0.075,0.52,wall_collision,,,246,8,62,158
317,0,-60.84,0.8221,2,0.021,0.52,no_food_timeout,,,246,8,63,158
318,0,-24.16,0.8218,2,0.0212,0.52,wall_collision,,,247,8,63,158
319,0,-31.71,0.8214,2,0.0762,0.48,wall_collision,,,248,8,63,158
320,0,-21.63,0.8211,2,0.0299,0.46,wall_collision,,,249,8,63,158
321,0,-31.01,0.8207,2,0.0419,0.44,wall_collision,,,250,8,63,158
322,0,-44.6,0.8201,2,0.0876,0.44,wall_collision,,,251,8,63,158
323,0,-37.62,0.8195,2,0.0901,0.42,wall_collision,,,252,8,63,158
324,0,-34.07,0.8191,2,0.0415,0.42,wall_collision,,,253,8,63,158
325,0,-43.01,0.8184,2,0.0218,0.42,wall_collision,,,254,8,63,158
326,0,-54.55,0.8176,2,0.0183,0.42,wall_collision,,,255,8,63,158
327,0,-52.11,0.8167,2,0.0689,0.4,wall_collision,,,256,8,63,158
328,2,-24.26,0.8161,2,0.0284,0.44,wall_collision,,,257,8,63,158
329,0,-23.63,0.8158,2,0.0246,0.44,wall_collision,,,258,8,63,158
330,0,-24.89,0.8155,2,0.0362,0.42,wall_collision,,,259,8,63,158
331,0,-23.14,0.8153,2,0.0551,0.42,wall_collision,,,260,8,63,158
332,0,-61.56,0.8143,2,0.0351,0.4,no_food_timeout,,,260,8,64,161
333,0,-30.81,0.8139,2,0.0665,0.4,wall_collision,,,261,8,64,161
334,0,-31.34,0.8135,2,0.0338,0.4,wall_collision,,,262,8,64,161
335,2,-35.4,0.8126,2,0.0122,0.44,self_collision,,,262,9,64,161
336,0,-29.22,0.8122,2,0.0582,0.42,wall_collision,,,263,9,64,161
337,1,-35.35,0.8115,2,0.0243,0.44,wall_collision,,,264,9,64,161
338,0,-30.93,0.8111,2,0.0272,0.44,wall_collision,,,265,9,64,161
339,1,-51.46,0.8101,2,0.0249,0.46,wall_collision,,,266,9,64,161
340,1,-10.58,0.8099,2,0.1059,0.44,wall_collision,,,267,9,64,161
341,1,-34.53,0.8092,2,0.0248,0.44,wall_collision,,,268,9,64,161
342,1,-16.66,0.8089,2,0.0168,0.44,wall_collision,,,269,9,64,161
343,1,-75.99,0.8074,2,0.0596,0.46,no_food_timeout,,,269,9,65,161
344,0,-43.5,0.8068,2,0.0755,0.46,wall_collision,,,270,9,65,161
345,1,-27.47,0.8063,2,0.1186,0.48,wall_collision,,,271,9,65,161
346,1,-28.53,0.8057,2,0.0334,0.46,wall_collision,,,272,9,65,161
347,0,-61.28,0.8047,2,0.0306,0.46,no_food_timeout,,,272,9,66,163
348,2,-35.6,0.8039,2,0.0387,0.48,self_collision,,,272,10,66,163
349,0,-60.96,0.8029,2,0.0188,0.46,no_food_timeout,,,272,10,67,163
350,1,-72.14,0.8015,2,0.0693,0.48,wall_collision,,,273,10,67,165
351,2,-42.33,0.8005,2,0.0201,0.5,self_collision,,,273,11,67,165
352,0,-24.69,0.8002,2,0.034,0.48,wall_collision,,,274,11,67,165
353,2,-15.52,0.7997,2,0.089,0.52,self_collision,,,274,12,67,165
354,0,-61.0,0.7987,2,0.0193,0.52,no_food_timeout,,,274,12,68,165
355,0,-27.75,0.7984,2,0.0731,0.52,wall_collision,,,275,12,68,165
356,2,-32.21,0.7976,2,0.0226,0.56,self_collision,,,275,13,68,165
357,0,-16.9,0.7974,2,0.0171,0.52,wall_collision,,,276,13,68,165
358,0,-61.08,0.7965,2,0.0219,0.52,no_food_timeout,,,276,13,69,166
359,1,-19.43,0.7961,2,0.0221,0.54,wall_collision,,,277,13,69,167
360,2,-76.44,0.7944,2,0.0362,0.56,self_collision,,,277,14,69,168
361,2,-31.36,0.7936,2,0.0348,0.56,self_collision,,,277,15,69,168
362,0,-53.17,0.7928,2,0.0521,0.54,wall_collision,,,278,15,69,168
363,0,-36.24,0.7923,2,0.0349,0.54,wall_collision,,,279,15,69,168
364,2,-49.72,0.7911,2,0.0249,0.56,self_collision,,,279,16,69,171
365,0,-19.55,0.7909,2,0.0238,0.56,wall_collision,,,280,16,69,171
366,1,-15.11,0.7906,2,0.0212,0.58,wall_collision,,,281,16,69,171
367,1,-61.13,0.7895,2,0.0204,0.6,no_food_timeout,,,281,16,70,171
368,1,-18.17,0.7891,2,0.0498,0.62,wall_collision,,,282,16,70,171
369,2,-42.53,0.7881,2,0.0472,0.66,wall_collision,,,283,16,70,172
370,2,-16.22,0.7876,2,0.026,0.7,wall_collision,,,284,16,70,172
371,0,-30.77,0.7872,2,0.017,0.7,wall_collision,,,285,16,70,172
372,0,-18.53,0.787,2,0.0286,0.7,wall_collision,,,286,16,70,172
373,0,-21.92,0.7868,2,0.0932,0.7,wall_collision,,,287,16,70,172
374,1,-21.15,0.7864,2,0.0137,0.72,wall_collision,,,288,16,70,172
375,1,-25.43,0.7859,2,0.2209,0.74,wall_collision,,,289,16,70,172
376,1,-56.64,0.7848,2,0.034,0.76,wall_collision,,,290,16,70,173
377,2,-24.22,0.7841,2,0.0566,0.8,self_collision,,,290,17,70,173
378,1,-38.29,0.7834,2,0.0537,0.78,wall_collision,,,291,17,70,173
379,0,-47.05,0.7826,2,0.1128,0.78,wall_collision,,,292,17,70,173
380,1,-18.78,0.7823,2,0.0161,0.8,wall_collision,,,293,17,70,173
381,1,-16.25,0.782,2,0.2202,0.82,wall_collision,,,294,17,70,173
382,0,-61.44,0.781,2,0.0476,0.82,no_food_timeout,,,294,17,71,175
383,1,-36.57,0.7803,2,0.0332,0.84,wall_collision,,,295,17,71,175
384,0,-61.08,0.7793,2,0.0293,0.84,no_food_timeout,,,295,17,72,175
385,0,-26.69,0.779,2,0.0465,0.8,wall_collision,,,296,17,72,175
386,2,-17.2,0.7784,2,0.0351,0.84,self_collision,,,296,18,72,175
387,1,-42.61,0.7776,2,0.018,0.84,wall_collision,,,297,18,72,175
388,0,-61.28,0.7766,2,0.0239,0.84,no_food_timeout,,,297,18,73,177
389,1,-13.11,0.7764,2,0.0392,0.84,wall_collision,,,298,18,73,177
390,0,-31.26,0.776,2,0.0221,0.82,wall_collision,,,299,18,73,177
391,2,-52.62,0.7748,2,0.1156,0.84,self_collision,,,299,19,73,177
392,0,-39.62,0.7742,2,0.0266,0.82,wall_collision,,,300,19,73,177
393,0,-17.47,0.774,2,0.0238,0.8,wall_collision,,,301,19,73,177
394,0,-25.38,0.7737,2,0.0586,0.8,wall_collision,,,302,19,73,177
395,0,-25.42,0.7734,2,0.0922,0.78,wall_collision,,,303,19,73,177
396,0,-41.05,0.7728,2,0.0218,0.76,wall_collision,,,304,19,73,177
397,2,-0.63,0.7726,2,0.0236,0.8,self_collision,,,304,20,73,177
398,0,-46.52,0.7719,2,0.0945,0.76,wall_collision,,,305,20,73,177
399,2,-14.22,0.7714,2,0.0425,0.8,self_collision,,,305,21,73,177
400,1,-35.99,0.7707,2,0.0443,0.8,wall_collision,22.35,45,306,21,73,178
401,0,-25.67,0.7704,2,0.0314,0.76,wall_collision,,,307,21,73,178
402,2,-35.97,0.7695,2,0.1177,0.8,wall_collision,,,308,21,73,178
403,0,-47.21,0.7688,2,0.0206,0.76,wall_collision,,,309,21,73,178
404,1,-36.94,0.7681,2,0.018,0.78,wall_collision,,,310,21,73,178
405,1,-19.76,0.7677,2,0.0413,0.8,wall_collision,,,311,21,73,178
406,2,-9.69,0.7673,2,0.0362,0.8,self_collision,,,311,22,73,178
407,2,-46.41,0.7662,2,0.0475,0.84,self_collision,,,311,23,73,179
408,1,-77.74,0.7648,2,0.1174,0.86,no_food_timeout,,,311,23,74,179
409,0,-46.64,0.764,2,0.0207,0.84,wall_collision,,,312,23,74,180
410,2,-39.75,0.7631,2,0.0291,0.84,self_collision,,,312,24,74,182
411,1,-17.6,0.7627,2,0.1055,0.82,wall_collision,,,313,24,74,182
412,2,-29.32,0.762,2,0.1494,0.86,self_collision,,,313,25,74,182
413,1,-46.73,0.7611,2,0.1818,0.88,wall_collision,,,314,25,74,182
414,0,-26.65,0.7607,2,0.0258,0.84,wall_collision,,,315,25,74,182
415,0,-42.35,0.7601,2,0.0273,0.84,wall_collision,,,316,25,74,184
416,0,-23.51,0.7599,2,0.0203,0.82,wall_collision,,,317,25,74,184
417,1,-56.44,0.7588,2,0.0795,0.82,wall_collision,,,318,25,74,184
418,2,-7.04,0.7584,2,0.0443,0.84,self_collision,,,318,26,74,184
419,0,-23.18,0.7582,2,0.0318,0.8,wall_collision,,,319,26,74,184
420,0,-39.17,0.7576,2,0.0281,0.76,wall_collision,,,320,26,74,185
421,2,-42.62,0.7566,2,0.0288,0.8,self_collision,,,320,27,74,185
422,1,-10.5,0.7564,2,0.0966,0.82,wall_collision,,,321,27,74,185
423,0,-29.79,0.756,2,0.0212,0.82,wall_collision,,,322,27,74,185
424,0,-21.63,0.7558,2,0.1129,0.8,wall_collision,,,323,27,74,185
425,2,-10.79,0.7553,2,0.0489,0.82,self_collision,,,323,28,74,185
426,1,-65.42,0.7541,2,0.026,0.82,no_food_timeout,,,323,28,75,185
427,2,-22.48,0.7535,2,0.0178,0.82,self_collision,,,323,29,75,185
428,0,-22.53,0.7532,2,0.0903,0.8,wall_collision,,,324,29,75,185
429,0,-20.73,0.753,2,0.1002,0.8,wall_collision,,,325,29,75,185
430,2,-43.93,0.752,2,0.0267,0.82,self_collision,,,325,30,75,185
431,2,-4.67,0.7517,2,0.0236,0.84,wall_collision,,,326,30,75,185
432,0,-29.71,0.7513,2,0.1759,0.84,wall_collision,,,327,30,75,185
433,0,-28.65,0.7509,2,0.1328,0.82,wall_collision,,,328,30,75,185
434,0,-62.24,0.7499,2,0.0224,0.82,no_food_timeout,,,328,30,76,191
435,1,-8.42,0.7498,2,0.0171,0.84,wall_collision,,,329,30,76,191
436,2,-18.46,0.7492,2,0.072,0.84,wall_collision,,,330,30,76,192
437,1,-59.74,0.7481,2,0.0809,0.84,wall_collision,,,331,30,76,194
438,3,-31.6,0.7471,3,0.0699,0.9,self_collision,,,331,31,76,197
439,2,-8.18,0.7467,3,0.1389,0.92,wall_collision,,,332,31,76,197
440,1,-58.75,0.7456,3,0.0715,0.94,wall_collision,,,333,31,76,200
441,2,-7.65,0.7452,3,0.0255,0.94,self_collision,,,333,32,76,200
442,1,-46.33,0.7443,3,0.015,0.96,wall_collision,,,334,32,76,200
443,0,-25.26,0.744,3,0.0177,0.96,wall_collision,,,335,32,76,200
444,0,-31.17,0.7436,3,0.146,0.96,wall_collision,,,336,32,76,200
445,2,-7.12,0.7433,3,0.0771,1.0,self_collision,,,336,33,76,200
446,0,-19.47,0.7431,3,0.0405,1.0,wall_collision,,,337,33,76,200
447,1,-15.52,0.7428,3,0.1282,0.98,wall_collision,,,338,33,76,200
448,0,-25.06,0.7425,3,0.0741,0.98,wall_collision,,,339,33,76,200
449,2,-39.52,0.7415,3,0.0516,0.98,self_collision,,,339,34,76,200
450,1,-18.17,0.7412,3,0.0908,0.98,wall_collision,,,340,34,76,200
451,2,-56.11,0.7399,3,0.07,1.02,self_collision,,,340,35,76,204
452,0,-25.18,0.7396,3,0.0186,0.98,wall_collision,,,341,35,76,204
453,0,-26.73,0.7393,3,0.1489,0.98,wall_collision,,,342,35,76,204
454,3,-10.11,0.7387,3,0.0769,1.02,self_collision,,,342,36,76,204
455,2,-16.14,0.7382,3,0.0229,1.04,wall_collision,,,343,36,76,204
456,2,-24.01,0.7375,3,0.0539,1.04,self_collision,,,343,37,76,204
457,1,-19.11,0.7371,3,0.0379,1.02,wall_collision,,,344,37,76,204
458,1,-18.17,0.7368,3,0.0331,1.02,wall_collision,,,345,37,76,204
459,1,-69.01,0.7355,3,0.1035,1.04,no_food_timeout,,,345,37,77,204
460,1,-21.15,0.735,3,0.0937,1.02,wall_collision,,,346,37,77,204
461,2,-29.97,0.7343,3,0.1188,1.04,self_collision,,,346,38,77,204
462,0,-28.69,0.7339,3,0.0277,1.0,wall_collision,,,347,38,77,204
463,0,-22.69,0.7336,3,0.0144,0.98,wall_collision,,,348,38,77,204
464,0,-31.83,0.7332,3,0.0608,0.98,wall_collision,,,349,38,77,204
465,1,-49.42,0.7323,3,0.2052,1.0,wall_collision,,,350,38,77,205
466,0,-34.73,0.7318,3,0.1373,1.0,wall_collision,,,351,38,77,205
467,1,-47.75,0.7309,3,0.2357,1.0,wall_collision,,,352,38,77,206
468,0,-51.95,0.7301,3,0.1176,0.96,wall_collision,,,353,38,77,215
469,2,-14.1,0.7296,3,0.0341,1.0,self_collision,,,353,39,77,215
470,0,-61.28,0.7286,3,0.1176,1.0,no_food_timeout,,,353,39,78,216
471,1,-51.17,0.7277,3,0.1666,0.98,wall_collision,,,354,39,78,218
472,1,-90.18,0.7259,3,0.0261,0.98,wall_collision,,,355,39,78,219
473,1,-13.11,0.7257,3,0.0403,1.0,wall_collision,,,356,39,78,219
474,0,-44.97,0.725,3,0.0568,1.0,wall_collision,,,357,39,78,219
475,1,-24.33,0.7245,3,0.0825,0.98,wall_collision,,,358,39,78,220
476,2,-73.66,0.7229,3,0.0541,1.0,wall_collision,,,359,39,78,221
477,2,-32.91,0.7221,3,0.0424,1.0,self_collision,,,359,40,78,221
478,0,-31.67,0.7217,3,0.0251,1.0,wall_collision,,,360,40,78,221
479,1,-45.75,0.7208,3,0.0419,1.02,wall_collision,,,361,40,78,222
480,0,-27.59,0.7204,3,0.0494,0.98,wall_collision,,,362,40,78,222
481,2,-12.26,0.72,3,0.1312,0.98,wall_collision,,,363,40,78,222
482,1,-19.07,0.7196,3,0.0315,1.0,wall_collision,,,364,40,78,222
483,2,-32.1,0.7188,3,0.0208,1.04,wall_collision,,,365,40,78,222
484,3,-19.33,0.718,3,0.1357,1.1,self_collision,,,365,41,78,222
485,1,-34.12,0.7174,3,0.1362,1.1,wall_collision,,,366,41,78,222
486,0,-25.18,0.7171,3,0.0238,1.06,wall_collision,,,367,41,78,222
487,2,-61.6,0.7157,3,0.0573,1.08,self_collision,,,367,42,78,222
488,1,-42.12,0.7149,3,0.0441,1.04,wall_collision,,,368,42,78,222
489,2,-44.33,0.7138,3,0.0708,1.04,self_collision,,,368,43,78,223
490,1,-67.99,0.7125,3,0.0801,1.04,wall_collision,,,369,43,78,223
491,2,-14.75,0.712,3,0.0136,1.04,self_collision,,,369,44,78,223
492,1,-15.15,0.7117,3,0.1183,1.04,wall_collision,,,370,44,78,223
493,2,-17.73,0.7112,3,0.0204,1.08,wall_collision,,,371,44,78,223
494,0,-45.46,0.7105,3,0.0376,1.08,wall_collision,,,372,44,78,223
495,0,-20.98,0.7103,3,0.0149,1.04,wall_collision,,,373,44,78,223
496,2,-32.01,0.7094,3,0.0714,1.08,self_collision,,,373,45,78,223
497,2,-48.94,0.7083,3,0.0579,1.1,wall_collision,,,374,45,78,223
498,1,-18.66,0.7079,3,0.2274,1.12,wall_collision,,,375,45,78,223
499,0,-25.71,0.7076,3,0.0585,1.08,wall_collision,,,376,45,78,223
500,2,-37.15,0.7067,3,0.0243,1.1,wall_collision,28.3,52,377,45,78,223
501,0,-31.34,0.7063,3,0.0372,1.06,wall_collision,,,378,45,78,223
502,0,-25.75,0.706,3,0.0289,1.06,wall_collision,,,379,45,78,223
503,2,-40.49,0.705,3,0.0196,1.1,self_collision,,,379,46,78,225
504,1,-10.46,0.7048,3,0.0514,1.06,wall_collision,,,380,46,78,225
505,0,-39.87,0.7042,3,0.1409,1.02,wall_collision,,,381,46,78,225
506,0,-49.66,0.7035,3,0.0607,0.98,wall_collision,,,382,46,78,226
507,0,-17.63,0.7033,3,0.0339,0.96,wall_collision,,,383,46,78,226
508,2,-0.51,0.7031,3,0.0329,0.98,self_collision,,,383,47,78,226
509,1,-64.4,0.7019,3,0.0117,0.98,wall_collision,,,384,47,78,226
510,0,-20.04,0.7016,3,0.0889,0.96,wall_collision,,,385,47,78,226
511,2,-18.02,0.7011,3,0.0454,0.96,self_collision,,,385,48,78,226
512,2,-19.68,0.7005,3,0.0258,1.0,wall_collision,,,386,48,78,228
513,1,-35.96,0.6998,3,0.0539,1.02,wall_collision,,,387,48,78,228
514,0,-22.2,0.6996,3,0.0158,1.02,wall_collision,,,388,48,78,228
515,0,-25.01,0.6993,3,0.0563,1.0,wall_collision,,,389,48,78,230
516,2,-37.27,0.6984,3,0.0214,1.04,wall_collision,,,390,48,78,230
517,1,-27.31,0.6978,3,0.1096,1.04,wall_collision,,,391,48,78,230
518,2,-10.47,0.6974,3,0.0526,1.08,self_collision,,,391,49,78,230
519,1,-9.52,0.6972,3,0.03,1.06,wall_collision,,,392,49,78,230
520,0,-35.79,0.6967,3,0.1023,1.06,wall_collision,,,393,49,78,230
521,1,-12.46,0.6965,3,0.0896,1.06,wall_collision,,,394,49,78,230
522,1,-57.21,0.6954,3,0.1073,1.06,no_food_timeout,,,394,49,79,231
523,1,-20.21,0.695,3,0.0652,1.06,wall_collision,,,395,49,79,231
524,2,-42.37,0.694,3,0.0254,1.1,wall_collision,,,396,49,79,232
525,2,-21.77,0.6934,3,0.0207,1.12,self_collision,,,396,50,79,232
526,1,-9.48,0.6932,3,0.0248,1.1,wall_collision,,,397,50,79,232
527,2,-38.59,0.6922,3,0.1513,1.1,self_collision,,,397,51,79,232
528,1,-15.97,0.6919,3,0.0344,1.12,wall_collision,,,398,51,79,232
529,0,-23.55,0.6916,3,0.1202,1.1,wall_collision,,,399,51,79,232
530,3,-25.72,0.6907,3,0.021,1.16,self_collision,,,399,52,79,233
531,0,-61.08,0.6898,3,0.0859,1.12,no_food_timeout,,,399,52,80,234
532,1,-23.54,0.6893,3,0.2166,1.12,wall_collision,,,400,52,80,238
533,1,-12.58,0.6891,3,0.1227,1.1,wall_collision,,,401,52,80,238
534,0,-19.96,0.6889,3,0.1114,1.04,wall_collision,,,402,52,80,238
535,1,-15.11,0.6886,3,0.0235,1.04,wall_collision,,,403,52,80,238
536,0,-50.64,0.6878,3,0.0203,1.04,wall_collision,,,404,52,80,238
537,1,-18.9,0.6874,3,0.2138,1.02,wall_collision,,,405,52,80,239
538,2,-9.16,0.687,3,0.1267,1.04,self_collision,,,405,53,80,239
539,1,-55.63,0.686,3,0.0238,1.02,wall_collision,,,406,53,80,239
540,1,-28.01,0.6854,3,0.1065,1.02,wall_collision,,,407,53,80,239
541,0,-35.83,0.6849,3,0.1485,0.98,wall_collision,,,408,53,80,239
542,1,-20.82,0.6845,3,0.0197,0.98,wall_collision,,,409,53,80,239
543,0,-30.24,0.6841,3,0.0422,0.94,wall_collision,,,410,53,80,239
544,0,-20.04,0.6839,3,0.0364,0.94,wall_collision,,,411,53,80,239
545,0,-19.59,0.6837,3,0.0445,0.94,wall_collision,,,412,53,80,239
546,0,-22.53,0.6835,3,0.1153,0.9,wall_collision,,,413,53,80,239
547,1,-70.15,0.6821,3,0.1038,0.88,no_food_timeout,,,413,53,81,241
548,0,-22.53,0.6819,3,0.0225,0.86,wall_collision,,,414,53,81,241
549,2,-44.62,0.6808,3,0.1149,0.9,self_collision,,,414,54,81,241
550,1,-66.85,0.6795,3,0.1934,0.88,wall_collision,,,415,54,81,241
551,0,-24.16,0.6792,3,0.068,0.88,wall_collision,,,416,54,81,241
552,2,-32.17,0.6784,3,0.1533,0.92,wall_collision,,,417,54,81,242
553,1,-89.24,0.6767,3,0.065,0.9,no_food_timeout,,,417,54,82,244
554,1,-49.09,0.6758,3,0.0233,0.9,wall_collision,,,418,54,82,246
555,1,-11.07,0.6756,3,0.0195,0.92,wall_collision,,,419,54,82,246
556,2,-34.83,0.6747,3,0.0196,0.96,wall_collision,,,420,54,82,246
557,1,-26.83,0.6741,3,0.0229,0.98,wall_collision,,,421,54,82,246
558,1,-101.08,0.6722,3,0.028,0.96,no_food_timeout,,,421,54,83,246
559,0,-17.51,0.6721,3,0.0825,0.94,wall_collision,,,422,54,83,246
560,1,-68.92,0.6708,3,0.0765,0.96,no_food_timeout,,,422,54,84,248
561,1,-91.41,0.669,3,0.0191,0.94,no_food_timeout,,,422,54,85,248
562,0,-20.61,0.6688,3,0.0721,0.9,wall_collision,,,423,54,85,248
563,0,-36.56,0.6683,3,0.0977,0.88,wall_collision,,,424,54,85,248
564,0,-25.55,0.668,3,0.2423,0.88,wall_collision,,,425,54,85,248
565,1,-13.93,0.6677,3,0.0169,0.9,wall_collision,,,426,54,85,248
566,2,-52.25,0.6665,3,0.0235,0.9,self_collision,,,426,55,85,249
567,3,-48.46,0.6652,3,0.0559,0.94,wall_collision,,,427,55,85,250
568,2,7.47,0.6651,3,0.0277,0.94,self_collision,,,427,56,85,250
569,1,-61.67,0.6639,3,0.08,0.94,wall_collision,,,428,56,85,250
570,2,-5.53,0.6636,3,0.1006,0.98,self_collision,,,428,57,85,250
571,0,-41.62,0.663,3,0.0619,0.96,wall_collision,,,429,57,85,250
572,1,-25.84,0.6625,3,0.0781,0.96,wall_collision,,,430,57,85,250
573,1,-23.72,0.662,3,0.0839,0.96,wall_collision,,,431,57,85,250
574,1,-39.63,0.6613,3,0.0799,0.94,wall_collision,,,432,57,85,251
575,1,-25.19,0.6608,3,0.0831,0.92,wall_collision,,,433,57,85,251
576,1,-8.01,0.6606,3,0.0657,0.92,wall_collision,,,434,57,85,251
577,1,-35.47,0.6599,3,0.1712,0.9,wall_collision,,,435,57,85,251
578,2,-8.47,0.6595,3,0.0133,0.92,self_collision,,,435,58,85,251
579,1,-56.44,0.6585,3,0.314,0.94,wall_collision,,,436,58,85,252
580,2,-0.55,0.6582,3,0.0169,0.92,self_collision,,,436,59,85,252
581,0,-26.57,0.6579,3,0.0126,0.92,wall_collision,,,437,59,85,252
582,0,-18.77,0.6577,3,0.0441,0.9,wall_collision,,,438,59,85,252
583,2,-2.55,0.6575,3,0.0277,0.92,self_collision,,,438,60,85,252
584,2,-47.39,0.6564,3,0.0547,0.96,self_collision,,,438,61,85,252
585,1,-40.33,0.6556,3,0.074,0.96,wall_collision,,,439,61,85,252
586,2,-34.13,0.6547,3,0.0713,1.0,self_collision,,,439,62,85,253
587,2,-22.67,0.6541,3,0.0659,1.02,self_collision,,,439,63,85,253
588,3,-53.45,0.6527,3,0.1928,1.04,wall_collision,,,440,63,85,253
589,2,-26.38,0.652,3,0.1179,1.06,self_collision,,,440,64,85,253
590,2,-6.96,0.6516,3,0.0451,1.08,wall_collision,,,441,64,85,253
591,1,-22.58,0.6512,3,0.039,1.1,wall_collision,,,442,64,85,253
592,2,-33.36,0.6503,3,0.0422,1.12,self_collision,,,442,65,85,253
593,1,-26.13,0.6498,3,0.0891,1.14,wall_collision,,,443,65,85,253
594,2,-18.18,0.6493,3,0.3146,1.18,self_collision,,,443,66,85,253
595,1,-33.72,0.6486,3,0.0377,1.2,wall_collision,,,444,66,85,253
596,1,-19.89,0.6482,3,0.0399,1.22,wall_collision,,,445,66,85,253
597,1,-33.88,0.6476,3,0.1395,1.22,wall_collision,,,446,66,85,253
598,2,-28.22,0.6468,3,0.0767,1.26,wall_collision,,,447,66,85,253
599,1,-53.71,0.6458,3,0.1563,1.24,no_food_timeout,,,447,66,86,253
600,1,-21.07,0.6454,3,0.0359,1.24,wall_collision,31.95,61,448,66,86,253
601,1,-24.09,0.6449,3,0.0234,1.26,wall_collision,,,449,66,86,253
602,3,-12.27,0.6443,3,0.0365,1.28,self_collision,,,449,67,86,253
603,0,-42.36,0.6436,3,0.1694,1.26,wall_collision,,,450,67,86,253
604,3,-36.27,0.6425,3,0.0579,1.3,self_collision,,,450,68,86,253
605,0,-34.2,0.6421,3,0.1422,1.28,wall_collision,,,451,68,86,253
606,2,-22.34,0.6414,3,0.0924,1.28,self_collision,,,451,69,86,253
607,1,-52.16,0.6404,3,0.0373,1.28,wall_collision,,,452,69,86,253
608,1,-14.58,0.6401,3,0.0732,1.28,wall_collision,,,453,69,86,253
609,1,-20.58,0.6397,3,0.0697,1.3,wall_collision,,,454,69,86,253
610,2,-31.4,0.6389,3,0.0206,1.32,self_collision,,,454,70,86,253
611,0,-19.47,0.6387,3,0.0422,1.3,wall_collision,,,455,70,86,253
612,1,-29.76,0.6381,3,0.0248,1.32,wall_collision,,,456,70,86,253
613,1,-28.21,0.6376,3,0.0663,1.34,wall_collision,,,457,70,86,253
614,0,-32.73,0.6371,3,0.1191,1.34,wall_collision,,,458,70,86,253
615,2,-17.08,0.6366,3,0.1619,1.36,self_collision,,,458,71,86,253
616,1,-17.03,0.6363,3,0.0508,1.34,wall_collision,,,459,71,86,253
617,2,-33.24,0.6354,3,0.0749,1.32,self_collision,,,459,72,86,253
618,1,-43.39,0.6346,3,0.0474,1.3,wall_collision,,,460,72,86,253
619,4,-50.26,0.633,4,0.11,1.36,self_collision,,,460,73,86,253
620,1,-23.44,0.6325,4,0.0183,1.34,wall_collision,,,461,73,86,253
621,2,-14.63,0.6321,4,0.1413,1.38,self_collision,,,461,74,86,253
622,3,-2.56,0.6316,4,0.0727,1.42,wall_collision,,,462,74,86,253
623,1,-13.68,0.6313,4,0.2136,1.42,wall_collision,,,463,74,86,253
624,5,-6.73,0.6304,5,0.1158,1.5,self_collision,,,463,75,86,253
625,2,-20.75,0.6298,5,0.1399,1.52,self_collision,,,463,76,86,253
626,2,-65.31,0.6284,5,0.0191,1.54,self_collision,,,463,77,86,253
627,2,-42.66,0.6273,5,0.0734,1.56,self_collision,,,463,78,86,253
628,1,-50.24,0.6264,5,0.0928,1.54,wall_collision,,,464,78,86,253
629,1,-60.64,0.6252,5,0.0213,1.54,wall_collision,,,465,78,86,254
630,0,-26.2,0.6249,5,0.0478,1.5,wall_collision,,,466,78,86,254
631,2,-15.69,0.6244,5,0.0276,1.54,wall_collision,,,467,78,86,254
632,2,-15.77,0.6239,5,0.1054,1.58,wall_collision,,,468,78,86,254
633,1,-38.41,0.6231,5,0.0435,1.56,wall_collision,,,469,78,86,254
634,1,-61.46,0.622,5,0.2185,1.54,wall_collision,,,470,78,86,256
635,2,-28.14,0.6212,5,0.1555,1.56,self_collision,,,470,79,86,256
636,2,-46.45,0.6201,5,0.1586,1.56,self_collision,,,470,80,86,258
637,3,-10.72,0.6195,5,0.2997,1.58,self_collision,,,470,81,86,258
638,2,-22.83,0.6189,5,0.2724,1.56,self_collision,,,470,82,86,258
639,2,-36.34,0.618,5,0.0715,1.56,wall_collision,,,471,82,86,258
640,2,-10.06,0.6176,5,0.0422,1.56,self_collision,,,471,83,86,258
641,0,-20.69,0.6174,5,0.0185,1.54,wall_collision,,,472,83,86,258
642,0,-26.69,0.617,5,0.0648,1.5,wall_collision,,,473,83,86,258
643,1,-34.45,0.6164,5,0.0319,1.5,wall_collision,,,474,83,86,258
644,1,-18.74,0.616,5,0.0931,1.48,wall_collision,,,475,83,86,258
645,2,-19.12,0.6154,5,0.0257,1.5,self_collision,,,475,84,86,258
646,0,-27.26,0.6151,5,0.0723,1.48,wall_collision,,,476,84,86,258
647,1,-25.97,0.6146,5,0.029,1.48,wall_collision,,,477,84,86,258
648,1,-36.45,0.6139,5,0.031,1.46,wall_collision,,,478,84,86,258
649,3,-24.27,0.613,5,0.0253,1.5,self_collision,,,478,85,86,258
650,0,-24.08,0.6127,5,0.0185,1.48,wall_collision,,,479,85,86,258
651,1,-16.17,0.6124,5,0.0337,1.48,wall_collision,,,480,85,86,258
652,0,-25.67,0.6121,5,0.0452,1.42,wall_collision,,,481,85,86,258
653,2,-8.96,0.6117,5,0.087,1.46,self_collision,,,481,86,86,258
654,2,-13.73,0.6112,5,0.0504,1.44,self_collision,,,481,87,86,258
655,2,-25.12,0.6106,5,0.1919,1.48,self_collision,,,481,88,86,258
656,3,-17.89,0.6098,5,0.1018,1.5,self_collision,,,481,89,86,258
657,2,-8.42,0.6094,5,0.0405,1.52,self_collision,,,481,90,86,259
658,2,-8.18,0.6091,5,0.0909,1.54,self_collision,,,481,91,86,259
659,0,-22.0,0.6088,5,0.0899,1.52,wall_collision,,,482,91,86,259
660,2,-12.1,0.6084,5,0.0346,1.52,wall_collision,,,483,91,86,259
661,2,-43.43,0.6074,5,0.0405,1.56,wall_collision,,,484,91,86,260
662,1,-17.6,0.607,5,0.2214,1.56,wall_collision,,,485,91,86,260
663,1,-29.88,0.6065,5,0.0195,1.56,wall_collision,,,486,91,86,260
664,2,-45.44,0.6054,5,0.0237,1.6,self_collision,,,486,92,86,260
665,0,-23.06,0.6051,5,0.0587,1.56,wall_collision,,,487,92,86,260
666,2,-46.09,0.604,5,0.2695,1.58,self_collision,,,487,93,86,260
667,2,-10.14,0.6036,5,0.0888,1.58,wall_collision,,,488,93,86,260
668,2,0.02,0.6034,5,0.0838,1.6,self_collision,,,488,94,86,260
669,1,-18.7,0.6031,5,0.0192,1.54,wall_collision,,,489,94,86,260
670,2,-21.61,0.6024,5,0.03,1.56,self_collision,,,489,95,86,260
671,0,-26.16,0.6021,5,0.0861,1.52,wall_collision,,,490,95,86,260
672,1,-20.99,0.6017,5,0.1981,1.48,wall_collision,,,491,95,86,260
673,1,-31.19,0.6011,5,0.0944,1.48,wall_collision,,,492,95,86,260
674,2,-22.22,0.6005,5,0.0299,1.42,wall_collision,,,493,95,86,260
675,2,-41.32,0.5995,5,0.0211,1.42,self_collision,,,493,96,86,260
676,3,-17.17,0.5987,5,0.1144,1.44,self_collision,,,493,97,86,260
677,1,-26.86,0.5982,5,0.0358,1.42,wall_collision,,,494,97,86,261
678,1,-14.01,0.5979,5,0.0451,1.42,wall_collision,,,495,97,86,261
679,0,-36.32,0.5974,5,0.1378,1.4,wall_collision,,,496,97,86,261
680,1,-31.72,0.5968,5,0.015,1.42,wall_collision,,,497,97,86,261
681,1,-16.05,0.5965,5,0.1913,1.4,wall_collision,,,498,97,86,261
682,3,-45.45,0.5952,5,0.0274,1.42,wall_collision,,,499,97,86,261
683,4,-26.36,0.5941,5,0.167,1.48,wall_collision,,,500,97,86,261
684,1,-30.17,0.5935,5,0.0245,1.48,wall_collision,,,501,97,86,261
685,2,-46.62,0.5924,5,0.0518,1.48,self_collision,,,501,98,86,261
686,0,-37.71,0.5919,5,0.0478,1.44,wall_collision,,,502,98,86,261
687,0,-19.47,0.5917,5,0.0354,1.38,wall_collision,,,503,98,86,261
688,2,-17.12,0.5911,5,0.1464,1.38,self_collision,,,503,99,86,261
689,1,-17.68,0.5908,5,0.055,1.36,wall_collision,,,504,99,86,261
690,1,-35.92,0.5901,5,0.0583,1.34,wall_collision,,,505,99,86,262
691,2,-32.46,0.5893,5,0.1482,1.38,self_collision,,,505,100,86,262
692,0,-23.67,0.589,5,0.1468,1.38,wall_collision,,,506,100,86,262
693,0,-29.18,0.5886,5,0.1885,1.36,wall_collision,,,507,100,86,262
694,3,-23.41,0.5878,5,0.0511,1.4,self_collision,,,507,101,86,262
695,0,-25.14,0.5875,5,0.0941,1.36,wall_collision,,,508,101,86,262
696,3,-13.3,0.5868,5,0.0547,1.42,wall_collision,,,509,101,86,262
697,1,-50.94,0.5858,5,0.1763,1.42,wall_collision,,,510,101,86,263
698,2,-40.01,0.5848,5,0.0474,1.44,wall_collision,,,511,101,86,264
699,1,-12.62,0.5846,5,0.1574,1.4,wall_collision,,,512,101,86,264
700,2,-5.08,0.5843,5,0.0298,1.44,wall_collision,27.95,49,513,101,86,264
701,1,-44.57,0.5834,5,0.4585,1.44,wall_collision,,,514,101,86,264
702,4,-34.72,0.5822,5,0.1723,1.52,self_collision,,,514,102,86,264
703,2,-25.24,0.5815,5,0.0103,1.52,self_collision,,,514,103,86,264
704,3,-21.62,0.5806,5,0.0376,1.54,self_collision,,,514,104,86,264
705,3,-28.31,0.5797,5,0.0446,1.56,self_collision,,,514,105,86,264
706,1,-28.29,0.5792,5,0.0833,1.52,wall_collision,,,515,105,86,264
707,1,-9.48,0.579,5,0.0995,1.5,wall_collision,,,516,105,86,264
708,4,-20.36,0.578,5,0.1686,1.54,self_collision,,,516,106,86,264
709,0,-26.12,0.5777,5,0.0546,1.54,wall_collision,,,517,106,86,264
710,1,-21.19,0.5772,5,0.1492,1.52,wall_collision,,,518,106,86,264
711,1,-16.09,0.5769,5,0.0952,1.5,wall_collision,,,519,106,86,264
712,2,-34.75,0.5761,5,0.0318,1.52,self_collision,,,519,107,86,264
713,2,-13.85,0.5756,5,0.2016,1.54,self_collision,,,519,108,86,264
714,2,-3.57,0.5753,5,0.1382,1.54,wall_collision,,,520,108,86,264
715,2,-20.63,0.5747,5,0.1756,1.58,self_collision,,,520,109,86,264
716,1,-15.68,0.5744,5,0.0496,1.56,wall_collision,,,521,109,86,264
717,2,-20.47,0.5738,5,0.1077,1.56,self_collision,,,521,110,86,264
718,2,-41.83,0.5728,5,0.164,1.56,wall_collision,,,522,110,86,267
719,2,-9.49,0.5724,5,0.0344,1.58,wall_collision,,,523,110,86,267
720,2,-13.0,0.572,5,0.0954,1.58,wall_collision,,,524,110,86,267
721,0,-19.55,0.5718,5,0.1833,1.58,wall_collision,,,525,110,86,267
722,2,-54.54,0.5705,5,0.0991,1.6,self_collision,,,525,111,86,267
723,3,-31.13,0.5695,5,0.0534,1.64,self_collision,,,525,112,86,267
724,1,-48.43,0.5686,5,0.0766,1.62,wall_collision,,,526,112,86,271
725,3,-32.92,0.5676,5,0.0968,1.64,self_collision,,,526,113,86,271
726,2,-16.96,0.567,5,0.1451,1.62,self_collision,,,526,114,86,271
727,3,-21.45,0.5662,5,0.0692,1.66,self_collision,,,526,115,86,271
728,3,-35.73,0.5651,5,0.1928,1.7,self_collision,,,526,116,86,272
729,4,-10.19,0.5643,5,0.109,1.78,self_collision,,,526,117,86,272
730,2,-14.47,0.5639,5,0.0323,1.8,self_collision,,,526,118,86,272
731,1,-20.25,0.5635,5,0.0902,1.8,wall_collision,,,527,118,86,272
732,1,-34.33,0.5628,5,0.0301,1.76,wall_collision,,,528,118,86,272
733,1,-18.17,0.5624,5,0.0711,1.7,wall_collision,,,529,118,86,272
734,5,12.56,0.5619,5,0.2368,1.78,self_collision,,,529,119,86,272
735,2,-10.55,0.5615,5,0.0745,1.78,self_collision,,,529,120,86,272
736,1,-18.05,0.5611,5,0.1045,1.8,wall_collision,,,530,120,86,272
737,2,-32.26,0.5603,5,0.0838,1.84,self_collision,,,530,121,86,272
738,2,-21.2,0.5597,5,0.1304,1.84,wall_collision,,,531,121,86,272
739,4,-26.71,0.5586,5,0.1475,1.9,self_collision,,,531,122,86,272
740,5,-21.75,0.5574,5,0.0386,1.98,self_collision,,,531,123,86,272
741,2,-6.06,0.557,5,0.0356,1.98,self_collision,,,531,124,86,272
742,3,-30.8,0.5561,5,0.0606,2.04,wall_collision,,,532,124,86,272
743,2,-16.59,0.5555,5,0.028,2.08,self_collision,,,532,125,86,272
744,2,-56.98,0.5542,5,0.0444,2.06,self_collision,,,532,126,86,272
745,3,-14.26,0.5536,5,0.1254,2.12,self_collision,,,532,127,86,272
746,2,-21.08,0.553,5,0.1414,2.1,wall_collision,,,533,127,86,272
747,3,-3.08,0.5525,5,0.196,2.14,self_collision,,,533,128,86,272
748,2,-18.91,0.5519,5,0.0574,2.14,wall_collision,,,534,128,86,272
749,3,-72.61,0.5501,5,0.0374,2.18,self_collision,,,534,129,86,272
750,3,-28.02,0.5492,5,0.2078,2.2,self_collision,,,534,130,86,273
751,1,-31.8,0.5486,5,0.0556,2.2,wall_collision,,,535,130,86,273
752,3,-34.8,0.5475,5,0.0618,2.18,self_collision,,,535,131,86,273
753,3,-44.36,0.5463,5,0.1698,2.2,self_collision,,,535,132,86,275
754,2,-1.57,0.546,5,0.2436,2.18,self_collision,,,535,133,86,275
755,2,-28.83,0.5453,5,0.0247,2.16,self_collision,,,535,134,86,275
756,2,-19.81,0.5447,5,0.1795,2.18,self_collision,,,535,135,86,275
757,3,-20.68,0.5439,5,0.0136,2.22,self_collision,,,535,136,86,275
758,4,-28.26,0.5428,5,0.0525,2.22,wall_collision,,,536,136,86,275
759,2,-23.32,0.5421,5,0.0576,2.26,self_collision,,,536,137,86,275
760,1,-30.29,0.5415,5,0.0466,2.26,wall_collision,,,537,137,86,275
761,4,-10.24,0.5407,5,0.0887,2.32,self_collision,,,537,138,86,275
762,3,-41.04,0.5395,5,0.0672,2.34,self_collision,,,537,139,86,275
763,2,-37.76,0.5386,5,0.0284,2.34,self_collision,,,537,140,86,276
764,2,-17.0,0.5381,5,0.0495,2.34,wall_collision,,,538,140,86,276
765,2,-32.99,0.5373,5,0.1054,2.34,self_collision,,,538,141,86,276
766,3,-11.82,0.5366,5,0.0258,2.38,wall_collision,,,539,141,86,276
767,3,-25.17,0.5357,5,0.0605,2.4,self_collision,,,539,142,86,276
768,4,-25.14,0.5347,5,0.0613,2.44,self_collision,,,539,143,86,276
769,2,-14.47,0.5342,5,0.1389,2.44,self_collision,,,539,144,86,276
770,3,-32.11,0.5332,5,0.0373,2.46,self_collision,,,539,145,86,276
771,1,-14.5,0.5329,5,0.0686,2.48,wall_collision,,,540,145,86,276
772,3,-6.64,0.5324,5,0.0297,2.5,self_collision,,,540,146,86,276
773,0,-16.94,0.5322,5,0.0351,2.44,wall_collision,,,541,146,86,276
774,1,-18.54,0.5318,5,0.177,2.44,wall_collision,,,542,146,86,276
775,0,-20.08,0.5316,5,0.0677,2.38,wall_collision,,,543,146,86,276
776,2,-22.1,0.531,5,0.0267,2.38,self_collision,,,543,147,86,276
777,4,-11.87,0.5302,5,0.0607,2.4,self_collision,,,543,148,86,276
778,2,-7.53,0.5298,5,0.1352,2.38,wall_collision,,,544,148,86,276
779,2,-1.0,0.5296,5,0.1293,2.34,self_collision,,,544,149,86,276
780,0,-31.75,0.5292,5,0.0398,2.3,wall_collision,,,545,149,86,276
781,2,-4.55,0.5289,5,0.3396,2.32,self_collision,,,545,150,86,276
782,2,-45.35,0.5278,5,0.155,2.34,wall_collision,,,546,150,86,276
783,1,-19.56,0.5274,5,0.0943,2.34,wall_collision,,,547,150,86,276
784,2,-3.04,0.5272,5,0.1658,2.28,self_collision,,,547,151,86,276
785,2,-18.34,0.5266,5,0.2039,2.28,self_collision,,,547,152,86,276
786,3,-49.46,0.5253,5,0.0948,2.32,self_collision,,,547,153,86,276
787,0,-31.91,0.5248,5,0.02,2.28,wall_collision,,,548,153,86,276
788,2,-14.96,0.5244,5,0.0279,2.28,wall_collision,,,549,153,86,276
789,6,-17.36,0.523,6,0.1408,2.32,wall_collision,,,550,153,86,276
790,3,-10.67,0.5224,6,0.0218,2.28,self_collision,,,550,154,86,276
791,4,-10.65,0.5216,6,0.0487,2.32,self_collision,,,550,155,86,276
792,2,-7.08,0.5213,6,0.1776,2.3,wall_collision,,,551,155,86,276
793,3,-11.24,0.5207,6,0.2999,2.32,self_collision,,,551,156,86,276
794,3,-18.19,0.5199,6,0.0229,2.34,self_collision,,,551,157,86,276
795,3,-37.69,0.5188,6,0.0374,2.34,self_collision,,,551,158,86,276
796,2,3.06,0.5187,6,0.1818,2.34,self_collision,,,551,159,86,276
797,1,-7.89,0.5185,6,0.1488,2.3,wall_collision,,,552,159,86,276
798,4,-35.01,0.5172,6,0.0188,2.34,self_collision,,,552,160,86,276
799,1,-42.49,0.5164,6,0.1305,2.3,wall_collision,,,553,160,86,277
800,3,-29.82,0.5154,6,0.1404,2.3,self_collision,34.85,53,553,161,86,277
801,2,-48.74,0.5143,6,0.0611,2.32,wall_collision,,,554,161,86,278
802,1,-9.97,0.5141,6,0.0701,2.28,wall_collision,,,555,161,86,278
803,3,-26.99,0.5132,6,0.0676,2.28,wall_collision,,,556,161,86,278
804,4,-59.05,0.5114,6,0.0537,2.32,self_collision,,,556,162,86,278
805,0,-17.47,0.5113,6,0.1182,2.28,wall_collision,,,557,162,86,278
806,2,3.49,0.5111,6,0.0699,2.28,self_collision,,,557,163,86,278
807,1,-22.09,0.5107,6,0.179,2.24,wall_collision,,,558,163,86,278
808,2,-18.18,0.5102,6,0.1239,2.2,self_collision,,,558,164,86,278
809,0,-20.53,0.5099,6,0.1259,2.16,wall_collision,,,559,164,86,278
810,0,-23.02,0.5097,6,0.2613,2.14,wall_collision,,,560,164,86,278
811,3,-28.45,0.5087,6,0.0747,2.12,wall_collision,,,561,164,86,278
812,1,-12.05,0.5085,6,0.1024,2.08,wall_collision,,,562,164,86,278
813,4,-36.57,0.5072,6,0.0218,2.12,wall_collision,,,563,164,86,278
814,1,-20.54,0.5068,6,0.2463,2.1,wall_collision,,,564,164,86,278
815,1,-12.62,0.5065,6,0.0722,2.08,wall_collision,,,565,164,86,278
816,2,-11.49,0.5061,6,0.1485,2.06,self_collision,,,565,165,86,278
817,2,-33.85,0.5052,6,0.0534,2.04,self_collision,,,565,166,86,278
818,2,-2.06,0.505,6,0.031,2.0,self_collision,,,565,167,86,278
819,3,3.46,0.5047,6,0.0548,2.02,self_collision,,,565,168,86,278
820,1,-13.56,0.5044,6,0.1814,1.98,wall_collision,,,566,168,86,278
821,2,-26.22,0.5037,6,0.0486,2.0,self_collision,,,566,169,86,278
822,2,-17.16,0.5032,6,0.1062,1.98,self_collision,,,566,170,86,278
823,2,-5.16,0.5029,6,0.0888,2.02,self_collision,,,566,171,86,278
824,2,-13.49,0.5024,6,0.1006,2.04,self_collision,,,566,172,86,278
825,2,-34.71,0.5015,6,0.0764,2.08,self_collision,,,566,173,86,278
826,4,-12.24,0.5007,6,0.077,2.12,self_collision,,,566,174,86,278
827,4,-12.85,0.4999,6,0.1403,2.12,wall_collision,,,567,174,86,278
828,2,-24.26,0.4992,6,0.0725,2.12,self_collision,,,567,175,86,278
829,2,-41.81,0.4982,6,0.0512,2.12,self_collision,,,567,176,86,278
830,6,-13.38,0.4969,6,0.2496,2.24,self_collision,,,567,177,86,278
831,5,-16.05,0.4959,6,0.1269,2.3,self_collision,,,567,178,86,278
832,2,-7.12,0.4955,6,0.0693,2.3,self_collision,,,567,179,86,278
833,1,-9.97,0.4953,6,0.0275,2.3,wall_collision,,,568,179,86,278
834,2,-18.92,0.4947,6,0.0356,2.3,wall_collision,,,569,179,86,278
835,3,-51.2,0.4934,6,0.1609,2.32,self_collision,,,569,180,86,278
836,3,-15.98,0.4926,6,0.0745,2.32,self_collision,,,569,181,86,278
837,1,-14.91,0.4923,6,0.0173,2.34,wall_collision,,,570,181,86,278
838,2,-16.18,0.4918,6,0.041,2.34,self_collision,,,570,182,86,278
839,2,-10.55,0.4914,6,0.0514,2.26,self_collision,,,570,183,86,278
840,1,-11.44,0.4912,6,0.1215,2.22,wall_collision,,,571,183,86,278
841,2,-31.2,0.4904,6,0.1489,2.18,self_collision,,,571,184,86,278
842,1,-9.03,0.4902,6,0.026,2.16,wall_collision,,,572,184,86,278
843,2,-19.76,0.4896,6,0.0456,2.14,self_collision,,,572,185,86,280
844,2,-19.37,0.489,6,0.1363,2.12,self_collision,,,572,186,86,280
845,1,-13.64,0.4888,6,0.0376,2.08,wall_collision,,,573,186,86,280
846,0,-32.24,0.4883,6,0.0571,2.04,wall_collision,,,574,186,86,280
847,2,-2.55,0.4881,6,0.1476,2.06,wall_collision,,,575,186,86,280
848,0,-25.59,0.4878,6,0.2061,1.98,wall_collision,,,576,186,86,280
849,3,-15.13,0.4871,6,0.0451,2.02,self_collision,,,576,187,86,280
850,5,-22.66,0.4859,6,0.091,2.06,wall_collision,,,577,187,86,281
851,0,-16.94,0.4857,6,0.2398,2.02,wall_collision,,,578,187,86,281
852,2,-7.73,0.4854,6,0.0284,2.04,self_collision,,,578,188,86,281
853,1,-18.46,0.485,6,0.1225,2.0,wall_collision,,,579,188,86,281
854,1,-17.48,0.4846,6,0.0299,1.94,wall_collision,,,580,188,86,281
855,1,-14.46,0.4844,6,0.1337,1.96,wall_collision,,,581,188,86,281
856,2,-32.3,0.4835,6,0.0304,1.96,self_collision,,,581,189,86,281
857,3,-50.71,0.4822,6,0.078,2.0,self_collision,,,581,190,86,283
858,0,-17.55,0.482,6,0.028,1.96,wall_collision,,,582,190,86,283
859,1,-7.52,0.4819,6,0.0264,1.98,wall_collision,,,583,190,86,283
860,1,-8.91,0.4817,6,0.1775,2.0,wall_collision,,,584,190,86,283
861,0,-22.49,0.4814,6,0.1152,1.94,wall_collision,,,585,190,86,283
862,1,-13.07,0.4812,6,0.0445,1.94,wall_collision,,,586,190,86,283
863,0,-29.42,0.4808,6,0.0238,1.86,wall_collision,,,587,190,86,284
864,0,-31.55,0.4804,6,0.0804,1.84,wall_collision,,,588,190,86,284
865,0,-31.22,0.4799,6,0.1187,1.82,wall_collision,,,589,190,86,284
866,0,-23.14,0.4797,6,0.0465,1.78,wall_collision,,,590,190,86,284
867,1,-31.76,0.4791,6,0.0376,1.76,wall_collision,,,591,190,86,284
868,2,-21.61,0.4784,6,0.0231,1.76,self_collision,,,591,191,86,284
869,3,2.09,0.4781,6,0.0329,1.76,wall_collision,,,592,191,86,284
870,1,-10.5,0.4779,6,0.0911,1.76,wall_collision,,,593,191,86,284
871,2,-8.55,0.4775,6,0.0211,1.76,self_collision,,,593,192,86,284
872,2,-12.84,0.477,6,0.0293,1.76,self_collision,,,593,193,86,284
873,5,-16.2,0.4759,6,0.04,1.82,self_collision,,,593,194,86,284
874,0,-22.2,0.4757,6,0.0938,1.78,wall_collision,,,594,194,86,284
875,0,-17.59,0.4755,6,0.0289,1.74,wall_collision,,,595,194,86,284
876,0,-18.0,0.4754,6,0.2016,1.66,wall_collision,,,596,194,86,284
877,3,1.52,0.475,6,0.0318,1.64,wall_collision,,,597,194,86,284
878,2,-14.02,0.4745,6,0.0407,1.64,self_collision,,,597,195,86,284
879,3,-12.97,0.4739,6,0.3382,1.66,self_collision,,,597,196,86,284
880,1,-17.44,0.4735,6,0.0728,1.56,wall_collision,,,598,196,86,284
881,6,-4.47,0.4725,6,0.1117,1.58,wall_collision,,,599,196,86,284
882,4,-0.98,0.4718,6,0.2509,1.62,wall_collision,,,600,196,86,284
883,1,-20.53,0.4714,6,0.3085,1.62,wall_collision,,,601,196,86,286
884,7,-4.24,0.4702,7,0.2718,1.72,self_collision,,,601,197,86,286
885,3,-6.09,0.4697,7,0.0315,1.72,self_collision,,,601,198,86,286
886,2,-22.67,0.469,7,0.0576,1.7,wall_collision,,,602,198,86,286
887,0,-26.61,0.4687,7,0.0516,1.68,wall_collision,,,603,198,86,286
888,4,-13.18,0.4679,7,0.0414,1.72,self_collision,,,603,199,86,286
889,2,-35.36,0.467,7,0.1087,1.72,self_collision,,,603,200,86,287
890,3,-34.22,0.4659,7,0.0509,1.76,self_collision,,,603,201,86,287
891,2,4.02,0.4658,7,0.1719,1.76,self_collision,,,603,202,86,287
892,0,-14.41,0.4657,7,0.1027,1.74,wall_collision,,,604,202,86,287
893,0,-20.04,0.4655,7,0.0899,1.7,wall_collision,,,605,202,86,287
894,2,-56.83,0.4642,7,0.1336,1.7,self_collision,,,605,203,86,287
895,3,-33.21,0.4631,7,0.0503,1.74,wall_collision,,,606,203,86,287
896,2,3.0,0.463,7,0.0521,1.78,wall_collision,,,607,203,86,287
897,2,-5.53,0.4627,7,0.0938,1.78,self_collision,,,607,204,86,287
898,2,-25.45,0.462,7,0.0295,1.82,self_collision,,,607,205,86,287
899,2,-26.79,0.4613,7,0.1668,1.8,self_collision,,,607,206,86,287
900,3,-32.84,0.4602,7,0.0496,1.76,wall_collision,31.5,62,608,206,86,287
901,1,-23.84,0.4598,7,0.1395,1.78,wall_collision,,,609,206,86,288
902,6,-4.18,0.4587,7,0.1705,1.86,self_collision,,,609,207,86,288
903,2,-16.18,0.4582,7,0.1241,1.88,wall_collision,,,610,207,86,288
904,1,-44.62,0.4573,7,0.208,1.88,wall_collision,,,611,207,86,288
905,2,-36.18,0.4564,7,0.0267,1.9,wall_collision,,,612,207,86,288
906,2,-3.0,0.4562,7,0.1383,1.9,wall_collision,,,613,207,86,288
907,1,-28.86,0.4556,7,0.2573,1.86,wall_collision,,,614,207,86,288
908,2,-9.57,0.4552,7,0.1057,1.9,wall_collision,,,615,207,86,288
909,1,-23.15,0.4548,7,0.0448,1.9,wall_collision,,,616,207,86,288
910,2,-36.35,0.4539,7,0.1651,1.92,self_collision,,,616,208,86,288
911,0,-19.39,0.4537,7,0.0714,1.92,wall_collision,,,617,208,86,288
912,2,-39.65,0.4527,7,0.1137,1.94,self_collision,,,617,209,86,288
913,2,-20.55,0.4521,7,0.028,1.98,wall_collision,,,618,209,86,288
914,2,-28.96,0.4513,7,0.2412,2.02,self_collision,,,618,210,86,288
915,1,-13.6,0.451,7,0.2684,2.04,wall_collision,,,619,210,86,288
916,2,-16.51,0.4505,7,0.0832,2.08,wall_collision,,,620,210,86,288
917,1,-25.23,0.45,7,0.0629,2.08,wall_collision,,,621,210,86,288
918,0,-18.0,0.4499,7,0.0682,2.04,wall_collision,,,622,210,86,288
919,1,-18.66,0.4495,7,0.0936,2.0,wall_collision,,,623,210,86,288
920,2,-7.53,0.4491,7,0.0252,2.02,self_collision,,,623,211,86,288
921,1,-8.95,0.449,7,0.0341,2.0,wall_collision,,,624,211,86,288
922,2,-15.22,0.4485,7,0.1215,2.0,self_collision,,,624,212,86,288
923,4,-7.39,0.4477,7,0.162,1.98,self_collision,,,624,213,86,288
924,6,-17.57,0.4464,7,0.1449,2.1,self_collision,,,624,214,86,288
925,3,-20.11,0.4456,7,0.0731,2.16,self_collision,,,624,215,86,288
926,2,-2.51,0.4454,7,0.0401,2.2,self_collision,,,624,216,86,288
927,2,-8.96,0.445,7,0.0921,2.18,wall_collision,,,625,216,86,288
928,2,-8.96,0.4446,7,0.0814,2.18,wall_collision,,,626,216,86,288
929,2,-33.36,0.4438,7,0.2646,2.16,self_collision,,,626,217,86,288
930,2,-19.9,0.4432,7,0.0392,2.18,wall_collision,,,627,217,86,288
931,8,-31.27,0.4412,8,0.0755,2.22,self_collision,,,627,218,86,288
932,2,-4.71,0.4409,8,0.106,2.18,self_collision,,,627,219,86,288
933,1,-15.52,0.4406,8,0.0997,2.18,wall_collision,,,628,219,86,288
934,1,-11.4,0.4404,8,0.0326,2.06,wall_collision,,,629,219,86,288
935,1,-27.39,0.4398,8,0.0404,2.02,wall_collision,,,630,219,86,289
936,2,-27.04,0.4391,8,0.0801,2.02,wall_collision,,,631,219,86,289
937,1,-27.6,0.4386,8,0.1694,2.04,wall_collision,,,632,219,86,289
938,1,-34.09,0.4379,8,0.0868,1.98,wall_collision,,,633,219,86,289
939,6,6.06,0.437,8,0.3273,2.06,self_collision,,,633,220,86,289
940,1,-10.99,0.4368,8,0.2216,2.02,wall_collision,,,634,220,86,289
941,2,-31.81,0.436,8,0.1723,2.02,self_collision,,,634,221,86,289
942,4,-14.85,0.4351,8,0.1561,2.1,self_collision,,,634,222,86,289
943,4,13.47,0.4348,8,0.0691,2.18,self_collision,,,634,223,86,289
944,3,-5.48,0.4343,8,0.0436,2.2,self_collision,,,634,224,86,289
945,3,-0.93,0.4338,8,0.4244,2.2,wall_collision,,,635,224,86,289
946,3,-7.46,0.4333,8,0.0294,2.22,self_collision,,,635,225,86,289
947,3,-33.7,0.4323,8,0.2225,2.24,wall_collision,,,636,225,86,289
948,3,-44.81,0.431,8,0.0794,2.26,self_collision,,,636,226,86,289
949,2,-15.61,0.4305,8,0.0541,2.26,wall_collision,,,637,226,86,289
950,0,-27.63,0.4301,8,0.0506,2.2,wall_collision,,,638,226,86,289
951,2,-14.43,0.4296,8,0.062,2.22,wall_collision,,,639,226,86,289
952,1,-36.62,0.4289,8,0.0547,2.12,wall_collision,,,640,226,86,289
953,3,-12.64,0.4283,8,0.1173,2.14,wall_collision,,,641,226,86,289
954,2,5.47,0.4282,8,0.0899,2.16,self_collision,,,641,227,86,289
955,3,-4.93,0.4277,8,0.0912,2.18,self_collision,,,641,228,86,289
956,5,-8.6,0.4267,8,0.1225,2.24,self_collision,,,641,229,86,289
957,2,-12.39,0.4263,8,0.2324,2.26,wall_collision,,,642,229,86,289
958,2,-17.61,0.4258,8,0.048,2.26,wall_collision,,,643,229,86,289
959,3,-17.05,0.425,8,0.11,2.3,self_collision,,,643,230,86,289
960,3,-13.32,0.4244,8,0.0783,2.32,self_collision,,,643,231,86,289
961,3,-4.03,0.4239,8,0.0673,2.38,wall_collision,,,644,231,86,289
962,2,-14.63,0.4234,8,0.0471,2.38,self_collision,,,644,232,86,289
963,2,-3.08,0.4232,8,0.0332,2.38,self_collision,,,644,233,86,289
964,1,-8.05,0.423,8,0.0814,2.36,wall_collision,,,645,233,86,289
965,2,-34.96,0.4221,8,0.1711,2.38,self_collision,,,645,234,86,289
966,2,-4.18,0.4218,8,0.0592,2.38,self_collision,,,645,235,86,289
967,3,-20.6,0.421,8,0.2346,2.42,wall_collision,,,646,235,86,289
968,3,-21.84,0.4202,8,0.0925,2.48,wall_collision,,,647,235,86,290
969,2,-5.57,0.4199,8,0.0266,2.5,self_collision,,,647,236,86,290
970,2,-15.57,0.4194,8,0.0467,2.5,self_collision,,,647,237,86,290
971,2,-2.02,0.4191,8,0.1092,2.52,wall_collision,,,648,237,86,290
972,1,-20.05,0.4187,8,0.1001,2.5,wall_collision,,,649,237,86,290
973,8,11.4,0.4176,8,0.1123,2.58,self_collision,,,649,238,86,290
974,3,-12.56,0.4169,8,0.0707,2.52,wall_collision,,,650,238,86,290
975,2,-1.49,0.4167,8,0.1022,2.5,wall_collision,,,651,238,86,290
976,2,-20.02,0.4161,8,0.0704,2.5,wall_collision,,,652,238,86,290
977,2,-15.98,0.4156,8,0.0241,2.5,self_collision,,,652,239,86,290
978,2,-26.1,0.4149,8,0.0279,2.5,wall_collision,,,653,239,86,290
979,1,-28.7,0.4143,8,0.0297,2.48,wall_collision,,,654,239,86,290
980,7,-5.15,0.413,8,0.0496,2.58,self_collision,,,654,240,86,290
981,1,-6.46,0.4129,8,0.112,2.44,wall_collision,,,655,240,86,290
982,0,-17.96,0.4127,8,0.2456,2.4,wall_collision,,,656,240,86,290
983,3,-4.19,0.4123,8,0.0774,2.44,wall_collision,,,657,240,86,290
984,4,-19.26,0.4113,8,0.028,2.5,self_collision,,,657,241,86,290
985,4,-3.12,0.4106,8,0.1383,2.56,self_collision,,,657,242,86,290
986,2,-9.98,0.4102,8,0.1175,2.56,self_collision,,,657,243,86,290
987,2,-5.49,0.4099,8,0.0225,2.58,wall_collision,,,658,243,86,290
988,2,-18.92,0.4094,8,0.1441,2.6,self_collision,,,658,244,86,290
989,1,-17.48,0.409,8,0.2245,2.5,wall_collision,,,659,244,86,290
990,1,-7.97,0.4088,8,0.0282,2.5,wall_collision,,,660,244,86,290
991,2,-27.45,0.4081,8,0.2197,2.5,self_collision,,,660,245,86,290
992,2,-31.33,0.4073,8,0.2139,2.46,self_collision,,,660,246,86,290
993,3,-9.54,0.4067,8,0.1593,2.44,self_collision,,,660,247,86,290
994,1,-16.42,0.4064,8,0.0329,2.4,wall_collision,,,661,247,86,290
995,5,-21.71,0.4052,8,0.032,2.44,self_collision,,,661,248,86,290
996,0,-23.02,0.4049,8,0.1974,2.38,wall_collision,,,662,248,86,290
997,2,-7.12,0.4046,8,0.1902,2.36,wall_collision,,,663,248,86,290
998,4,-13.39,0.4037,8,0.1086,2.38,wall_collision,,,664,248,86,290
999,6,-15.41,0.4024,8,0.2382,2.46,self_collision,,,664,249,86,290
1000,5,-0.41,0.4016,8,0.0261,2.56,self_collision,29.4,65,664,250,86,290
